indicator,training_mean,training_sd,standardized_intercept,standardized_residual_sd
wspeed,2.9292963840962214,0.39096792262881835,-0.22643420281790586,0.6581246064237302
chr5sec,1.7222101094618751,0.32878242394116336,-0.2821687357337815,0.8451503679716149
grip,28.89756430685181,10.943971956301139,-0.09022684862080237,0.49233686043778807
fev,2.214368937557108,0.7766880049351002,-0.10365684335949926,0.7261178641484609
hba,42.61791883330345,53.00283949973992,-0.07105647549553394,0.9488949440333985
