indicator,training_mean,training_sd,standardized_intercept,standardized_residual_sd
wspeed,3.0347796546701318,0.30149077636787136,-0.014009723861513352,0.7659396555295204
chr5sec,1.7468962133983874,0.3201235424900088,-0.014387294775904648,0.7684685883366275
grip,30.756576156130674,10.660616412132418,-0.05374864514953263,0.4971354275099836
fev,2.321265184903479,0.7642900000814986,0.006823427410642484,0.7710325220440002
hba,14.12556215528214,1.335703044107593,-9.354295931665417e-05,0.863060685120667
